V1,V2,V3,V4,V5,V6,V7,V8,V9,V10,V11,Outcome
540,0,0,162,26244,239,2.5,1040,676,28,GA,79.99
540,0,0,162,26244,309,2.5,1055,676,28,GLM,61.89
332.5,142.5,0,228,51984,93,0,932,594,270,GLM,40.27
332.5,142.5,0,228,51984,308,0,932,594,365,GLM,41.05
198.6,132.4,0,192,36864,158,0,978.4,825.5,360,GLM,44.3
266,114,0,228,51984,30,0,932,670,90,GA,47.03
380,95,0,228,51984,246,0,932,594,365,GA,43.7
380,95,0,228,51984,192,0,932,594,28,GLM,36.45
266,114,0,228,51984,328,0,932,670,28,GLM,45.85
475,0,0,228,51984,81,0,932,594,28,GA,39.29
198.6,132.4,0,192,36864,241,0,978.4,825.5,90,GLM,38.07
198.6,132.4,0,192,36864,72,0,978.4,825.5,28,GLM,28.02
427.5,47.5,0,228,51984,171,0,932,594,-99999,GLM,43.01
190,190,0,228,51984,248,0,932,670,90,GA,42.33
304,76,0,228,51984,308,0,932,670,28,GA,47.81
380,0,0,228,51984,320,0,932,670,90,GA,52.91
139.6,209.4,0,192,36864,199,0,1047,806.9,90,GLM,39.36
342,38,0,228,51984,155,0,932,670,365,GLM,56.14
380,95,0,228,51984,148,0,932,594,90,GLM,40.56
475,0,0,228,51984,190,0,932,594,180,GA,42.62
427.5,47.5,0,228,51984,307,0,932,594,180,GA,41.84
139.6,209.4,0,192,36864,80,0,1047,806.9,28,GLM,28.24
139.6,209.4,0,192,36864,129,0,1047,806.9,3,GA,8.06
139.6,209.4,0,192,36864,145,0,1047,806.9,180,GLM,44.21
380,0,0,228,51984,133,0,932,670,365,GA,52.52
380,0,0,228,51984,91,0,932,670,270,GA,53.3
380,95,0,228,51984,40,0,932,594,270,GA,41.15
342,38,0,228,51984,207,0,932,670,180,GLM,52.12
427.5,47.5,0,228,51984,124,0,932,594,28,GLM,37.43
475,0,0,228,51984,15,0,932,594,7,GA,38.6
304,76,0,228,51984,33,0,932,670,365,GLM,55.26
266,114,0,228,51984,140,0,932,670,365,GLM,52.91
198.6,132.4,0,192,36864,23,0,978.4,825.5,180,GLM,41.72
475,0,0,228,51984,97,0,932,594,270,GA,42.13
190,190,0,228,51984,172,0,932,670,365,GA,53.69
,237.5,0,228,51984,277,0,932,594,270,GLM,38.41
237.5,237.5,0,228,51984,73,0,932,594,28,GA,30.08
332.5,142.5,0,228,51984,17,0,932,594,90,GA,37.72
475,0,0,228,51984,275,0,932,594,90,GA,42.23
237.5,237.5,0,228,51984,68,0,932,594,180,GLM,36.25
342,38,0,228,51984,311,0,932,670,90,GLM,50.46
427.5,47.5,0,228,51984,204,0,932,594,365,GLM,43.7
237.5,237.5,0,228,51984,333,0,932,594,365,GLM,39
380,0,0,228,51984,193,0,932,670,180,GLM,53.1
427.5,47.5,0,228,51984,161,0,932,594,90,GA,41.54
427.5,47.5,0,228,51984,276,0,932,594,7,GA,35.08
349,0,0,192,36864,262,0,1047,806.9,3,GA,15.05
380,95,0,228,51984,218,0,932,594,180,GA,40.76
237.5,237.5,0,228,51984,128,0,932,594,7,GLM,26.26
380,95,0,228,51984,87,0,932,594,7,GLM,32.82
332.5,142.5,0,228,51984,311,0,932,594,180,GLM,39.78
190,190,0,228,51984,122,0,932,670,180,GLM,46.93
237.5,237.5,0,228,51984,134,0,932,594,90,GLM,33.12
304,76,0,228,51984,76,0,932,670,90,GLM,49.19
139.6,209.4,0,192,36864,67,0,1047,806.9,7,GA,14.59
198.6,132.4,0,192,36864,223,0,978.4,825.5,7,GLM,14.64
475,0,0,228,51984,209,0,932,594,365,GLM,41.93
198.6,132.4,0,192,36864,42,0,978.4,825.5,3,GA,9.13
304,76,0,228,51984,206,0,932,670,180,GA,50.95
332.5,142.5,0,228,51984,152,0,932,594,28,GA,33.02
304,76,0,228,51984,203,0,932,670,270,GLM,54.38
266,114,0,228,51984,295,0,932,670,270,GLM,51.73
310,0,0,192,36864,206,0,971,850.6,3,GA,9.87
190,190,0,228,51984,281,0,932,670,270,GA,50.66
266,114,0,228,51984,74,0,932,670,180,GA,48.7
342,38,0,228,51984,178,0,932,670,270,GLM,55.06
139.6,209.4,0,192,36864,57,0,1047,806.9,360,GA,44.7
332.5,142.5,0,228,51984,252,0,932,594,7,GLM,30.28
190,190,0,228,51984,237,0,932,670,28,GA,40.86
485,0,0,146,21316,21,0,1120,800,28,GA,71.99
374,189.2,0,170.1,28934.01,162,10.1,926.1,756.7,3,GLM,34.4
313.3,262.2,0,175.5,30800.25,309,8.6,1046.9,611.8,3,GLM,28.8
425,106.3,0,153.5,23562.25,290,16.5,852.1,887.1,3,GLM,33.4
425,106.3,0,151.4,22921.96,312,18.6,936,803.7,3,GLM,36.3
375,93.8,0,126.6,16027.56,34,23.4,852.1,992.6,3,GA,29
475,118.8,0,181.1,32797.21,152,8.9,852.1,781.5,3,GLM,37.8
469,,0,137.8,18988.84,284,32.2,852.1,840.5,3,GLM,40.2
425,106.3,0,153.5,23562.25,292,16.5,852.1,887.1,3,GA,33.4
388.6,97.1,0,157.9,24932.41,256,12.1,852.1,925.7,3,GLM,28.1
531.3,0,0,141.8,20107.24,166,28.2,852.1,893.7,3,GLM,41.3
425,106.3,0,153.5,23562.25,133,16.5,852.1,887.1,3,GLM,33.4
318.8,212.5,0,155.7,24242.49,180,14.3,852.1,880.4,3,GA,25.2
401.8,94.7,0,147.4,21726.76,139,11.4,946.8,852.1,3,GLM,41.1
362.6,189,0,164.9,27192.01,306,11.6,944.7,755.8,3,GLM,35.3
323.7,282.8,0,183.8,33782.44,163,10.3,942.7,659.9,3,GA,28.3
379.5,151.2,0,153.9,23685.21,168,15.9,1134.3,605,3,GA,28.6
362.6,189,0,164.9,27192.01,301,11.6,944.7,755.8,3,GA,35.3
286.3,200.9,0,144.7,20938.09,81,11.2,1004.6,803.7,3,GA,24.4
362.6,189,0,164.9,27192.01,324,11.6,944.7,755.8,3,GLM,35.3
439,177,0,186,34596,250,11.1,884.9,707.9,3,GA,39.3
389.9,189,0,145.9,21286.81,259,22,944.7,755.8,3,GLM,40.6
362.6,189,0,164.9,27192.01,40,11.6,944.7,755.8,3,GLM,35.3
337.9,189,0,174.9,30590.01,285,9.5,944.7,755.8,3,GLM,24.1
374,189.2,0,170.1,28934.01,54,10.1,926.1,756.7,7,GLM,46.2
313.3,262.2,0,175.5,30800.25,301,8.6,1046.9,611.8,7,GLM,42.8
425,106.3,0,153.5,23562.25,155,16.5,852.1,887.1,7,GLM,49.2
425,106.3,0,151.4,22921.96,94,18.6,936,803.7,7,GLM,46.8
375,93.8,0,126.6,16027.56,215,23.4,852.1,992.6,7,GLM,45.7
475,118.8,0,181.1,32797.21,149,8.9,852.1,781.5,7,GLM,55.6
469,117.2,0,137.8,18988.84,94,32.2,852.1,840.5,7,GLM,54.9
425,106.3,0,153.5,23562.25,89,16.5,852.1,887.1,7,GA,49.2
388.6,97.1,0,157.9,24932.41,178,12.1,852.1,925.7,7,GLM,34.9
531.3,0,0,141.8,20107.24,146,28.2,852.1,893.7,7,GA,46.9
425,106.3,0,153.5,23562.25,61,16.5,852.1,887.1,7,GA,49.2
318.8,212.5,0,155.7,24242.49,131,14.3,852.1,880.4,7,GA,33.4
401.8,94.7,0,147.4,21726.76,313,11.4,946.8,852.1,7,GLM,54.1
362.6,189,0,164.9,27192.01,125,11.6,944.7,755.8,7,GLM,55.9
323.7,282.8,0,183.8,33782.44,119,10.3,942.7,659.9,7,GA,49.8
379.5,151.2,0,153.9,23685.21,315,15.9,1134.3,605,7,GLM,47.1
362.6,189,0,164.9,27192.01,71,11.6,944.7,755.8,7,GLM,55.9
286.3,200.9,0,144.7,20938.09,204,11.2,1004.6,803.7,7,GLM,38
362.6,189,0,164.9,27192.01,283,11.6,944.7,755.8,7,GLM,55.9
439,177,0,186,34596,43,11.1,884.9,707.9,7,GLM,56.1
389.9,189,0,145.9,21286.81,220,22,944.7,755.8,7,GA,59.09
362.6,189,0,164.9,27192.01,240,11.6,944.7,755.8,7,GLM,22.9
337.9,189,0,174.9,30590.01,275,9.5,944.7,755.8,7,GLM,35.1
374,189.2,0,170.1,28934.01,146,10.1,926.1,756.7,28,GLM,61.09
313.3,262.2,0,175.5,30800.25,59,8.6,1046.9,611.8,28,GLM,59.8
425,106.3,0,153.5,23562.25,15,16.5,852.1,887.1,28,GLM,60.29
425,106.3,0,151.4,22921.96,323,18.6,936,803.7,28,GA,61.8
375,93.8,0,126.6,16027.56,95,23.4,852.1,992.6,28,GA,56.7
475,118.8,0,181.1,32797.21,152,8.9,852.1,781.5,28,GLM,68.3
469,117.2,0,137.8,18988.84,298,32.2,852.1,840.5,28,GA,66.9
425,106.3,0,153.5,23562.25,318,16.5,852.1,887.1,28,GA,60.29
388.6,97.1,0,157.9,24932.41,228,12.1,852.1,925.7,28,GLM,50.7
531.3,0,0,141.8,20107.24,293,28.2,852.1,893.7,28,GLM,56.4
425,106.3,0,153.5,23562.25,49,16.5,852.1,887.1,28,GA,60.29
318.8,212.5,0,155.7,24242.49,130,14.3,852.1,880.4,28,GA,55.5
401.8,94.7,0,147.4,21726.76,190,11.4,946.8,852.1,28,GLM,68.5
362.6,189,0,164.9,27192.01,25,11.6,944.7,755.8,28,GLM,71.3
323.7,282.8,0,183.8,33782.44,72,10.3,942.7,659.9,28,GLM,74.7
379.5,151.2,0,153.9,23685.21,106,15.9,1134.3,605,28,GLM,52.2
362.6,189,0,164.9,27192.01,206,11.6,944.7,755.8,28,GLM,71.3
286.3,200.9,0,144.7,20938.09,299,11.2,1004.6,803.7,28,GA,67.7
362.6,189,0,164.9,27192.01,129,11.6,,755.8,28,GLM,71.3
439,177,0,186,34596,154,11.1,884.9,707.9,28,GLM,66
389.9,189,0,145.9,21286.81,176,22,944.7,755.8,28,GA,74.5
362.6,189,0,164.9,27192.01,181,11.6,944.7,755.8,28,GLM,71.3
337.9,189,0,174.9,30590.01,48,9.5,944.7,755.8,28,GLM,49.9
374,189.2,0,170.1,28934.01,267,10.1,926.1,756.7,56,GLM,63.4
313.3,262.2,0,175.5,30800.25,33,8.6,1046.9,611.8,56,GLM,64.9
425,106.3,0,153.5,23562.25,328,16.5,852.1,887.1,56,GLM,64.3
425,106.3,0,151.4,22921.96,301,18.6,936,803.7,56,GLM,64.9
375,93.8,0,126.6,16027.56,63,23.4,852.1,992.6,56,GLM,60.2
475,118.8,0,181.1,32797.21,165,8.9,852.1,781.5,56,GA,72.3
469,117.2,0,137.8,18988.84,287,32.2,852.1,840.5,56,GLM,69.3
425,106.3,0,153.5,23562.25,260,16.5,852.1,887.1,56,GLM,64.3
388.6,97.1,0,157.9,24932.41,276,12.1,852.1,925.7,56,GA,55.2
531.3,0,0,141.8,20107.24,272,28.2,852.1,893.7,56,GLM,58.8
425,106.3,0,153.5,23562.25,293,16.5,852.1,887.1,56,GA,64.3
318.8,212.5,0,155.7,24242.49,194,14.3,852.1,880.4,56,GA,66.1
401.8,94.7,0,147.4,21726.76,173,11.4,946.8,852.1,56,GA,73.7
362.6,189,0,164.9,27192.01,72,11.6,944.7,755.8,56,GLM,77.3
323.7,282.8,0,183.8,33782.44,163,10.3,942.7,659.9,56,GA,80.2
379.5,151.2,0,153.9,23685.21,200,15.9,1134.3,605,56,GLM,54.9
362.6,189,0,164.9,27192.01,302,11.6,944.7,755.8,56,GLM,77.3
286.3,200.9,0,144.7,20938.09,141,11.2,1004.6,803.7,56,GLM,72.99
362.6,189,0,164.9,27192.01,104,11.6,944.7,755.8,56,GLM,77.3
439,177,0,186,34596,163,11.1,884.9,707.9,56,GLM,71.7
389.9,189,0,145.9,21286.81,137,22,944.7,755.8,56,GA,79.4
362.6,189,0,164.9,27192.01,125,11.6,944.7,755.8,56,GA,77.3
337.9,189,0,174.9,30590.01,97,9.5,944.7,755.8,56,GLM,59.89
374,189.2,0,170.1,28934.01,159,10.1,926.1,756.7,91,GA,64.9
313.3,262.2,0,175.5,30800.25,220,8.6,1046.9,611.8,91,GLM,66.6
425,106.3,0,153.5,23562.25,151,16.5,852.1,887.1,91,GA,65.2
425,106.3,0,151.4,22921.96,239,18.6,936,803.7,91,GA,66.7
375,93.8,0,126.6,16027.56,34,23.4,852.1,992.6,91,GA,62.5
475,118.8,0,181.1,32797.21,304,8.9,852.1,781.5,91,GA,74.19
469,117.2,0,137.8,18988.84,220,32.2,852.1,840.5,91,GLM,70.7
425,106.3,0,153.5,23562.25,257,16.5,852.1,887.1,91,GA,65.2
388.6,97.1,0,157.9,24932.41,232,12.1,852.1,925.7,91,GLM,57.6
531.3,0,0,141.8,20107.24,183,28.2,852.1,893.7,91,GLM,59.2
425,106.3,0,153.5,23562.25,175,16.5,852.1,887.1,91,GLM,65.2
318.8,212.5,0,155.7,24242.49,114,14.3,852.1,,91,GLM,68.1
401.8,94.7,0,147.4,21726.76,102,11.4,946.8,852.1,91,GLM,75.5
362.6,189,0,164.9,27192.01,116,11.6,944.7,755.8,91,GA,79.3
379.5,151.2,0,153.9,23685.21,79,15.9,1134.3,605,91,GA,56.5
362.6,189,0,164.9,27192.01,72,11.6,944.7,755.8,91,GLM,79.3
286.3,200.9,0,144.7,20938.09,277,11.2,1004.6,803.7,91,GLM,76.8
362.6,189,0,164.9,27192.01,161,11.6,944.7,755.8,91,GA,79.3
439,177,0,186,34596,72,11.1,884.9,707.9,91,GA,73.3
389.9,189,0,145.9,21286.81,230,22,944.7,755.8,91,GLM,82.6
362.6,189,0,164.9,27192.01,144,11.6,944.7,755.8,91,GA,79.3
337.9,189,0,174.9,30590.01,322,9.5,944.7,755.8,91,GLM,67.8
222.4,0,96.7,189.3,35834.49,198,4.5,967.1,870.3,3,GLM,11.58
222.4,0,96.7,189.3,35834.49,101,4.5,967.1,870.3,14,GA,24.45
222.4,0,96.7,189.3,35834.49,289,4.5,967.1,870.3,28,GA,24.89
222.4,0,96.7,189.3,35834.49,116,4.5,967.1,870.3,56,GLM,29.45
222.4,0,96.7,189.3,35834.49,316,4.5,967.1,870.3,100,GLM,40.71
233.8,0,94.6,197.9,39164.41,79,4.6,947,852.2,3,GLM,10.38
233.8,0,94.6,197.9,39164.41,58,4.6,947,852.2,14,GA,22.14
233.8,0,94.6,197.9,39164.41,135,4.6,947,852.2,28,GLM,22.84
233.8,0,94.6,197.9,39164.41,212,4.6,947,852.2,56,GA,27.66
233.8,0,94.6,197.9,39164.41,190,4.6,947,852.2,100,GLM,34.56
194.7,0,100.5,165.6,27423.36,217,7.5,1006.4,905.9,3,GA,12.45
194.7,0,100.5,165.6,27423.36,257,7.5,1006.4,905.9,14,GLM,24.99
194.7,0,100.5,165.6,27423.36,115,7.5,1006.4,905.9,28,GA,25.72
194.7,0,100.5,165.6,27423.36,167,7.5,1006.4,905.9,56,GLM,33.96
194.7,0,100.5,165.6,27423.36,242,7.5,1006.4,905.9,100,GLM,37.34
190.7,0,125.4,162.1,26276.41,168,7.8,1090,804,3,GLM,15.04
190.7,0,125.4,162.1,26276.41,257,7.8,1090,804,14,GLM,21.06
190.7,0,125.4,162.1,26276.41,231,7.8,1090,804,28,GLM,26.4
190.7,0,125.4,162.1,26276.41,139,7.8,1090,804,56,GLM,35.34
190.7,0,125.4,162.1,26276.41,61,7.8,1090,804,100,GLM,40.57
212.1,0,121.6,180.3,32508.09,52,5.7,1057.6,779.3,3,GLM,12.47
212.1,0,121.6,180.3,32508.09,276,5.7,1057.6,779.3,14,GLM,20.92
212.1,0,121.6,180.3,32508.09,49,5.7,1057.6,779.3,28,GA,24.9
212.1,0,121.6,180.3,32508.09,250,5.7,1057.6,779.3,56,GLM,34.2
212.1,0,121.6,180.3,32508.09,191,5.7,1057.6,779.3,100,GLM,39.61
230,0,118.3,195.5,38220.25,120,4.6,1029.4,758.6,3,GLM,10.03
230,0,118.3,195.5,38220.25,268,4.6,1029.4,758.6,14,GLM,20.08
230,0,118.3,195.5,38220.25,187,4.6,1029.4,758.6,28,GLM,24.48
230,0,118.3,195.5,38220.25,168,4.6,1029.4,758.6,56,GLM,31.54
230,0,118.3,195.5,38220.25,134,4.6,1029.4,758.6,100,GA,35.34
190.3,0,125.2,161.9,26211.61,192,9.9,1088.1,802.6,3,GA,9.45
190.3,0,125.2,161.9,26211.61,193,9.9,1088.1,802.6,14,GA,22.72
190.3,0,125.2,161.9,26211.61,123,9.9,1088.1,802.6,28,GA,28.47
190.3,0,125.2,161.9,26211.61,314,9.9,1088.1,802.6,56,GLM,38.56
190.3,0,125.2,161.9,26211.61,100,9.9,1088.1,802.6,100,GLM,40.39
166.1,0,163.3,176.5,31152.25,42,4.5,1058.6,780.1,3,GLM,10.76
166.1,0,163.3,176.5,31152.25,247,4.5,1058.6,780.1,14,GA,25.48
166.1,0,163.3,176.5,31152.25,102,4.5,1058.6,780.1,28,GLM,21.54
166.1,0,163.3,176.5,31152.25,226,4.5,1058.6,780.1,56,GLM,28.63
166.1,0,163.3,176.5,31152.25,308,4.5,1058.6,780.1,100,GLM,33.54
168,42.1,163.8,121.8,14835.24,216,5.7,1058.7,780.1,3,GLM,7.75
168,42.1,163.8,121.8,14835.24,331,5.7,1058.7,780.1,14,GA,17.82
168,42.1,163.8,121.8,14835.24,179,5.7,1058.7,780.1,28,GA,24.24
168,42.1,163.8,121.8,14835.24,32,5.7,1058.7,780.1,,GLM,32.85
168,42.1,163.8,121.8,14835.24,141,5.7,1058.7,780.1,100,GA,39.23
213.7,98.1,24.5,181.7,33014.89,298,6.9,1065.8,785.4,3,GLM,18
213.7,98.1,24.5,181.7,33014.89,112,6.9,1065.8,785.4,14,GA,30.39
213.7,98.1,24.5,181.7,33014.89,47,6.9,1065.8,785.4,28,GLM,45.71
213.7,98.1,24.5,181.7,33014.89,172,6.9,1065.8,785.4,56,GA,50.77
213.7,98.1,24.5,181.7,33014.89,213,6.9,1065.8,785.4,100,GA,53.9
213.8,98.1,24.5,181.7,33014.89,268,6.7,1066,785.5,3,GLM,13.18
,98.1,24.5,181.7,33014.89,19,6.7,1066,785.5,14,GLM,17.84
213.8,98.1,24.5,181.7,33014.89,227,6.7,1066,785.5,28,GLM,40.23
213.8,98.1,24.5,181.7,33014.89,299,6.7,1066,785.5,56,GLM,47.13
213.8,98.1,24.5,181.7,33014.89,25,6.7,1066,785.5,100,GLM,49.97
229.7,0,118.2,195.2,38103.04,230,6.1,1028.1,757.6,3,GA,13.36
229.7,0,118.2,195.2,38103.04,48,6.1,1028.1,757.6,14,GLM,22.32
229.7,0,118.2,195.2,38103.04,211,6.1,1028.1,757.6,28,GLM,24.54
229.7,0,118.2,195.2,38103.04,76,6.1,1028.1,757.6,56,GA,31.35
229.7,0,118.2,195.2,38103.04,300,6.1,1028.1,757.6,100,GA,40.86
238.1,0,94.1,186.7,34856.89,113,7,949.9,847,3,GLM,19.93
238.1,0,94.1,186.7,34856.89,174,7,949.9,847,14,GLM,25.69
238.1,0,94.1,186.7,34856.89,240,7,949.9,847,28,GLM,30.23
238.1,0,94.1,186.7,34856.89,114,7,949.9,847,56,GA,39.59
238.1,0,94.1,186.7,34856.89,323,7,949.9,847,100,GA,44.3
250,0,95.7,187.4,35118.76,200,5.5,956.9,861.2,3,GLM,13.82
250,0,95.7,187.4,35118.76,207,5.5,956.9,861.2,14,GLM,24.92
250,0,95.7,187.4,35118.76,318,5.5,956.9,861.2,28,GLM,29.22
250,0,95.7,187.4,35118.76,118,5.5,956.9,861.2,56,GA,38.33
250,0,95.7,187.4,35118.76,101,5.5,956.9,861.2,100,GLM,42.35
212.5,0,100.4,159.3,25376.49,148,8.7,1007.8,903.6,3,GLM,13.54
212.5,0,100.4,159.3,25376.49,90,8.7,1007.8,903.6,14,GLM,26.31
212.5,0,100.4,159.3,25376.49,71,8.7,1007.8,903.6,28,GLM,31.64
212.5,0,100.4,159.3,25376.49,253,8.7,1007.8,903.6,56,GA,42.55
212.5,0,100.4,159.3,25376.49,288,8.7,1007.8,903.6,100,GLM,42.92
212.6,0,100.4,159.4,25408.36,108,10.4,1003.8,903.8,3,GLM,13.33
212.6,0,100.4,159.4,25408.36,185,10.4,1003.8,903.8,14,GLM,25.37
212.6,0,100.4,159.4,25408.36,86,10.4,1003.8,903.8,28,GLM,37.4
212.6,0,100.4,159.4,25408.36,46,10.4,1003.8,903.8,56,GA,44.4
212.6,0,100.4,159.4,25408.36,147,10.4,1003.8,903.8,100,GLM,47.74
212,0,124.8,159,25281,305,7.8,1085.4,799.5,3,GLM,19.52
212,0,124.8,159,25281,92,7.8,1085.4,799.5,14,GLM,31.35
212,0,124.8,159,25281,173,7.8,1085.4,799.5,28,GLM,38.5
212,0,124.8,159,25281,141,7.8,1085.4,799.5,56,GLM,45.08
212,0,124.8,159,25281,16,7.8,1085.4,799.5,100,GA,47.82
231.8,0,121.6,174,30276,266,6.7,1056.4,778.5,3,GLM,15.44
231.8,0,121.6,174,30276,173,6.7,1056.4,778.5,14,GA,26.77
231.8,0,121.6,174,30276,328,6.7,1056.4,778.5,28,GLM,33.73
231.8,0,121.6,174,30276,183,6.7,1056.4,778.5,56,GLM,42.7
231.8,0,121.6,174,30276,41,6.7,1056.4,778.5,100,GA,45.84
251.4,0,118.3,188.5,35532.25,30,5.8,1028.4,757.7,3,GLM,17.22
251.4,0,118.3,188.5,35532.25,164,5.8,1028.4,757.7,14,GLM,29.93
251.4,0,118.3,188.5,35532.25,271,5.8,1028.4,757.7,28,GLM,29.65
251.4,0,118.3,188.5,35532.25,238,5.8,1028.4,757.7,56,GLM,36.97
251.4,0,118.3,188.5,35532.25,278,5.8,1028.4,757.7,100,GLM,43.58
251.4,0,118.3,188.5,35532.25,62,6.4,1028.4,757.7,3,GA,13.12
251.4,0,118.3,188.5,35532.25,26,6.4,1028.4,757.7,14,GA,24.43
251.4,0,118.3,188.5,35532.25,24,6.4,1028.4,757.7,28,GLM,32.66
251.4,0,118.3,188.5,35532.25,186,6.4,1028.4,757.7,56,GLM,36.64
251.4,0,118.3,188.5,35532.25,162,6.4,1028.4,757.7,100,GA,44.21
181.4,0,167,169.6,28764.16,104,7.6,1055.6,777.8,3,GLM,13.62
181.4,0,167,169.6,28764.16,278,7.6,1055.6,777.8,14,GLM,21.6
181.4,0,167,169.6,28764.16,83,7.6,1055.6,777.8,28,GA,27.77
181.4,0,167,169.6,28764.16,29,7.6,1055.6,777.8,56,GA,35.57
181.4,0,167,169.6,28764.16,266,7.6,1055.6,777.8,100,GA,45.37
182,45.2,122,170.2,28968.04,319,8.2,1059.4,780.7,3,GLM,7.32
182,45.2,122,170.2,28968.04,211,8.2,1059.4,780.7,14,GLM,21.5
182,45.2,122,170.2,28968.04,84,8.2,1059.4,780.7,28,GLM,31.27
182,45.2,122,170.2,28968.04,254,8.2,1059.4,780.7,56,GLM,43.5
182,45.2,122,170.2,28968.04,66,8.2,1059.4,780.7,100,GA,48.67
168.9,42.2,124.3,158.3,25058.89,330,10.8,1080.8,796.2,3,GA,7.4
168.9,42.2,124.3,158.3,25058.89,44,10.8,1080.8,796.2,14,GLM,23.51
168.9,42.2,124.3,158.3,25058.89,151,10.8,1080.8,796.2,28,GLM,31.12
168.9,42.2,124.3,158.3,25058.89,219,10.8,1080.8,796.2,56,GA,39.15
168.9,42.2,124.3,158.3,25058.89,87,10.8,1080.8,796.2,100,GLM,48.15
290.4,0,96.2,,0,298,9.4,961.2,865,3,GLM,22.5
290.4,0,96.2,168.1,28257.61,65,9.4,961.2,865,14,GLM,34.67
290.4,0,96.2,168.1,28257.61,252,9.4,961.2,865,28,GA,34.74
290.4,0,96.2,168.1,28257.61,208,9.4,961.2,865,56,GA,45.08
290.4,0,96.2,168.1,28257.61,23,9.4,961.2,865,100,GA,48.97
277.1,0,97.4,160.6,25792.36,86,11.8,973.9,875.6,3,GA,23.14
277.1,0,97.4,160.6,25792.36,246,11.8,973.9,875.6,14,GA,41.89
277.1,0,97.4,160.6,25792.36,300,11.8,973.9,875.6,28,GLM,48.28
277.1,0,97.4,160.6,25792.36,264,11.8,973.9,875.6,56,GLM,51.04
277.1,0,97.4,160.6,25792.36,270,11.8,973.9,875.6,100,GA,55.64
295.7,0,95.6,171.5,29412.25,239,8.9,955.1,859.2,3,GA,22.95
295.7,0,95.6,171.5,29412.25,117,8.9,955.1,859.2,14,GA,35.23
295.7,0,95.6,171.5,29412.25,315,8.9,955.1,859.2,28,GA,39.94
295.7,0,95.6,171.5,29412.25,123,8.9,955.1,859.2,56,GA,48.72
295.7,0,95.6,171.5,29412.25,260,8.9,955.1,859.2,100,GLM,52.04
251.8,0,99.9,146.1,21345.21,312,12.4,1006,899.8,3,GLM,21.02
251.8,0,99.9,146.1,21345.21,325,12.4,1006,899.8,14,GLM,33.36
251.8,0,99.9,146.1,21345.21,235,12.4,1006,899.8,28,GA,33.94
251.8,0,99.9,146.1,21345.21,178,12.4,1006,899.8,56,GA,44.14
251.8,0,99.9,146.1,21345.21,112,12.4,1006,899.8,100,GLM,45.37
249.1,0,98.8,158.1,24995.61,56,12.8,987.8,889,3,GA,15.36
249.1,0,98.8,158.1,24995.61,281,12.8,987.8,889,14,GLM,28.68
249.1,0,98.8,158.1,24995.61,260,12.8,987.8,889,28,GA,30.85
249.1,0,98.8,158.1,24995.61,309,12.8,987.8,889,56,GLM,42.03
249.1,0,98.8,158.1,24995.61,244,12.8,987.8,889,100,GA,51.06
252.3,0,98.8,146.3,21403.69,327,14.2,987.8,889,3,GLM,21.78
252.3,0,98.8,146.3,21403.69,301,14.2,987.8,889,14,GLM,42.29
252.3,0,98.8,146.3,21403.69,323,14.2,987.8,889,28,GLM,50.6
252.3,0,98.8,146.3,21403.69,295,14.2,987.8,889,56,GLM,55.83
252.3,0,98.8,146.3,21403.69,52,14.2,987.8,889,100,GLM,60.95
246.8,0,125.1,143.3,20534.89,125,12,1086.8,800.9,3,GLM,23.52
246.8,0,125.1,143.3,20534.89,244,12,1086.8,800.9,14,GLM,42.22
246.8,0,125.1,143.3,20534.89,31,12,1086.8,800.9,28,GA,52.5
246.8,0,125.1,143.3,20534.89,234,12,1086.8,800.9,56,GA,60.32
246.8,0,125.1,143.3,20534.89,212,12,1086.8,800.9,100,GA,66.42
275.1,0,121.4,159.5,25440.25,251,9.9,1053.6,777.5,3,GLM,23.8
275.1,0,121.4,159.5,25440.25,66,9.9,1053.6,777.5,14,GLM,38.77
275.1,0,121.4,159.5,25440.25,329,9.9,1053.6,777.5,28,GA,51.33
275.1,0,121.4,159.5,25440.25,156,9.9,1053.6,777.5,56,GLM,56.85
275.1,0,121.4,159.5,25440.25,206,9.9,1053.6,777.5,100,GA,58.61
297.2,0,117.5,174.8,30555.04,151,9.5,1022.8,753.5,3,GLM,21.91
297.2,0,117.5,174.8,30555.04,283,9.5,1022.8,753.5,14,GA,36.99
297.2,0,117.5,174.8,30555.04,165,9.5,1022.8,753.5,28,GLM,47.4
297.2,0,117.5,174.8,30555.04,284,9.5,1022.8,753.5,56,GA,51.96
297.2,0,117.5,174.8,30555.04,218,9.5,1022.8,753.5,100,GLM,56.74
213.7,0,174.7,154.8,23963.04,191,10.2,1053.5,776.4,3,GLM,17.57
213.7,0,174.7,154.8,23963.04,49,10.2,1053.5,776.4,14,GLM,33.73
213.7,0,174.7,154.8,23963.04,73,10.2,1053.5,776.4,28,GA,40.15
213.7,0,174.7,154.8,23963.04,280,10.2,1053.5,776.4,56,GA,46.64
213.7,0,174.7,154.8,23963.04,233,10.2,1053.5,776.4,100,GLM,50.08
213.5,0,174.2,154.6,23901.16,154,11.7,1052.3,775.5,3,GLM,17.37
213.5,,174.2,154.6,23901.16,218,11.7,1052.3,775.5,14,GLM,33.7
213.5,0,174.2,154.6,23901.16,257,11.7,1052.3,775.5,28,GLM,45.94
213.5,0,174.2,154.6,23901.16,215,11.7,1052.3,775.5,56,GA,51.43
213.5,0,174.2,154.6,23901.16,115,11.7,1052.3,775.5,100,GLM,59.3
277.2,97.8,24.5,160.7,25824.49,139,11.2,1061.7,782.5,3,GA,30.45
277.2,97.8,24.5,160.7,25824.49,281,11.2,1061.7,782.5,14,GA,47.71
277.2,97.8,24.5,160.7,25824.49,96,11.2,1061.7,782.5,28,GLM,63.14
277.2,97.8,24.5,160.7,25824.49,207,11.2,1061.7,782.5,56,GLM,66.82
277.2,97.8,24.5,160.7,25824.49,15,11.2,1061.7,782.5,100,GLM,66.95
218.2,54.6,123.8,140.8,19824.64,328,11.9,1075.7,792.7,3,GLM,27.42
218.2,54.6,123.8,140.8,19824.64,262,11.9,1075.7,792.7,14,GA,35.96
218.2,54.6,123.8,140.8,19824.64,279,11.9,1075.7,792.7,28,GLM,55.51
218.2,54.6,123.8,140.8,19824.64,44,11.9,1075.7,792.7,56,GLM,61.99
218.2,54.6,123.8,140.8,19824.64,129,11.9,1075.7,792.7,100,GLM,63.53
214.9,53.8,121.9,155.6,24211.36,299,9.6,1014.3,780.6,3,GA,18.02
214.9,53.8,121.9,155.6,24211.36,258,9.6,1014.3,780.6,14,GA,38.6
214.9,53.8,121.9,155.6,24211.36,320,9.6,1014.3,780.6,28,GLM,52.2
214.9,53.8,121.9,155.6,24211.36,63,9.6,1014.3,780.6,56,GA,53.96
214.9,53.8,121.9,155.6,24211.36,23,9.6,1014.3,780.6,100,GLM,56.63
218.9,0,124.1,158.5,25122.25,134,11.3,1078.7,794.9,3,GA,15.34
218.9,0,124.1,158.5,25122.25,190,11.3,1078.7,794.9,14,GLM,26.05
218.9,0,124.1,158.5,25122.25,291,11.3,1078.7,794.9,28,GA,30.22
218.9,0,124.1,158.5,25122.25,112,11.3,1078.7,794.9,56,GLM,37.27
218.9,0,124.1,158.5,25122.25,224,11.3,1078.7,794.9,100,GLM,46.23
376,0,0,214.6,46053.16,137,0,1003.5,762.4,3,GA,16.28
376,0,0,214.6,46053.16,263,0,1003.5,762.4,14,GA,25.62
376,0,0,214.6,46053.16,105,0,1003.5,762.4,28,GA,31.97
376,0,0,214.6,46053.16,116,0,1003.5,762.4,56,GA,36.3
376,0,0,214.6,46053.16,193,0,1003.5,762.4,100,GLM,43.06
500,0,0,140,19600,53,4,966,853,28,GA,67.57
475,0,59,142,20164,248,1.9,1098,641,28,GLM,57.23
315,137,0,145,21025,274,5.9,1130,745,28,GA,81.75
505,0,60,195,38025,162,0,1030,630,28,GLM,64.02
451,0,0,165,27225,167,11.3,1030,745,28,GLM,78.8
516,0,0,162,26244,123,8.2,801,802,28,GA,41.37
520,0,0,170,28900,89,5.2,855,855,28,GLM,60.28
528,0,0,185,34225,320,6.9,920,720,28,GLM,56.83
520,0,0,175,30625,273,5.2,870,805,28,GLM,51.02
385,0,136,158,24964,285,20,903,768,28,GLM,55.55
500.1,0,0,200,40000,65,3,1124.4,613.2,28,GA,44.13
450.1,50,0,200,40000,121,3,1124.4,613.2,28,GA,39.38
397,17.2,158,167,27889,19,20.8,967,633,28,GLM,55.65
333,17.5,163,167,27889,329,17.9,996,652,28,GA,47.28
334,17.6,158,189,35721,97,15.3,967,633,28,GLM,44.33
405,0,0,175,30625,105,0,1120,695,28,GLM,52.3
200,200,0,190,36100,43,0,1145,660,28,GA,49.25
516,0,0,162,26244,246,8.3,801,802,28,GLM,41.37
145,116,119,184,33856,177,5.7,833,880,28,GA,29.16
160,128,122,182,33124,221,6.4,824,879,28,GLM,39.4
234,156,0,189,35721,110,5.9,981,760,28,GLM,39.3
250,180,95,159,25281,181,9.5,860,800,28,GLM,67.87
475,0,0,162,26244,37,9.5,1044,662,28,GA,58.52
285,190,0,163,26569,221,7.6,1031,685,28,GLM,53.58
356,119,0,160,25600,24,9,1061,657,28,GLM,59
275,180,120,162,26244,206,10.4,830,765,28,GA,76.24
500,0,0,151,22801,257,9,1033,655,28,GA,69.84
165,0,143.6,163.8,26830.44,30,0,1005.6,900.9,3,GLM,14.4
165,128.5,132.1,175.1,30660.01,55,8.1,1005.8,746.6,3,GLM,19.42
178,129.8,118.6,179.9,32364.01,223,3.6,1007.3,746.8,3,GLM,20.73
167.4,129.9,128.6,175.5,30800.25,219,7.8,1006.3,746.6,3,GA,14.94
172.4,13.6,172.4,156.8,24586.24,46,4.1,1006.3,856.4,3,GA,21.29
173.5,50.1,173.5,164.8,27159.04,41,6.5,1006.2,793.5,3,GLM,23.08
167,75.4,167,164,26896,59,7.9,1007.3,770.1,3,GA,15.52
173.8,93.4,159.9,172.3,29687.29,83,9.7,1007.2,746.6,3,GLM,15.82
190.3,0,125.2,166.6,27755.56,292,9.9,1079,798.9,3,GLM,12.55
250,0,95.7,191.8,36787.24,192,5.3,948.9,857.2,3,GLM,8.49
213.5,0,174.2,159.2,25344.64,190,11.7,1043.6,771.9,3,GLM,15.61
194.7,0,100.5,170.2,28968.04,237,7.5,998,901.8,3,GLM,12.18
251.4,0,118.3,192.9,37210.41,276,5.8,1043.6,754.3,3,GA,11.98
165,0,143.6,163.8,26830.44,266,0,1005.6,900.9,14,GLM,16.88
165,128.5,132.1,175.1,30660.01,311,8.1,1005.8,746.6,14,GLM,33.09
178,129.8,118.6,179.9,32364.01,150,3.6,1007.3,746.8,14,GA,34.24
167.4,129.9,128.6,175.5,30800.25,223,7.8,1006.3,746.6,14,GA,31.81
172.4,13.6,172.4,156.8,24586.24,90,4.1,1006.3,856.4,14,GLM,29.75
173.5,50.1,173.5,164.8,27159.04,277,6.5,1006.2,793.5,,GLM,33.01
167,75.4,167,164,26896,126,7.9,1007.3,770.1,14,GA,32.9
173.8,93.4,159.9,172.3,29687.29,59,9.7,1007.2,746.6,14,GLM,29.55
190.3,0,125.2,166.6,27755.56,69,9.9,1079,798.9,14,GLM,19.42
250,0,95.7,191.8,36787.24,135,5.3,948.9,857.2,14,GA,24.66
213.5,0,174.2,159.2,25344.64,83,11.7,1043.6,771.9,14,GLM,29.59
194.7,0,100.5,170.2,28968.04,147,7.5,998,901.8,14,GA,24.28
251.4,0,118.3,192.9,37210.41,270,5.8,1043.6,754.3,14,GA,20.73
165,0,143.6,163.8,26830.44,59,0,1005.6,900.9,28,GA,26.2
165,128.5,132.1,175.1,30660.01,148,8.1,1005.8,746.6,28,GA,46.39
178,129.8,118.6,179.9,32364.01,63,3.6,1007.3,746.8,28,GLM,39.16
167.4,129.9,128.6,175.5,30800.25,233,7.8,1006.3,746.6,28,GLM,41.2
172.4,13.6,172.4,156.8,24586.24,260,4.1,1006.3,856.4,28,GA,33.69
173.5,50.1,173.5,164.8,27159.04,225,6.5,1006.2,793.5,28,GLM,38.2
167,75.4,167,164,26896,205,7.9,1007.3,770.1,28,GLM,41.41
173.8,93.4,159.9,172.3,29687.29,249,9.7,1007.2,746.6,28,GA,37.81
190.3,0,125.2,166.6,27755.56,284,9.9,1079,798.9,28,GLM,24.85
250,0,95.7,191.8,36787.24,64,5.3,948.9,857.2,28,GLM,27.22
213.5,0,174.2,159.2,25344.64,172,11.7,1043.6,771.9,28,GLM,44.64
194.7,0,100.5,170.2,28968.04,95,7.5,998,901.8,28,GA,37.27
251.4,0,118.3,192.9,37210.41,279,5.8,1043.6,754.3,28,GA,33.27
165,0,143.6,163.8,26830.44,108,0,1005.6,900.9,56,GLM,36.56
165,128.5,132.1,175.1,30660.01,104,8.1,1005.8,746.6,56,GA,53.72
178,129.8,118.6,179.9,32364.01,214,3.6,1007.3,746.8,56,GLM,48.59
167.4,129.9,128.6,175.5,30800.25,90,7.8,1006.3,746.6,56,GA,51.72
172.4,13.6,172.4,156.8,24586.24,261,4.1,1006.3,856.4,56,GLM,35.85
173.5,50.1,173.5,164.8,27159.04,301,6.5,1006.2,793.5,56,GLM,53.77
167,75.4,167,164,26896,83,7.9,1007.3,770.1,56,GLM,53.46
173.8,93.4,159.9,172.3,29687.29,131,9.7,1007.2,746.6,56,GLM,48.99
190.3,0,125.2,166.6,27755.56,141,9.9,1079,798.9,56,GLM,31.72
250,0,95.7,191.8,36787.24,317,5.3,948.9,857.2,56,GLM,39.64
213.5,0,174.2,159.2,25344.64,240,11.7,1043.6,771.9,56,GLM,51.26
194.7,0,100.5,170.2,28968.04,151,7.5,998,901.8,56,GLM,43.39
251.4,0,118.3,192.9,37210.41,15,5.8,1043.6,754.3,56,GLM,39.27
165,0,143.6,163.8,26830.44,82,0,1005.6,900.9,100,GLM,37.96
165,128.5,132.1,175.1,30660.01,65,8.1,1005.8,746.6,100,GA,55.02
178,129.8,118.6,179.9,32364.01,307,3.6,1007.3,746.8,100,GLM,49.99
167.4,129.9,128.6,175.5,30800.25,161,7.8,1006.3,746.6,100,GA,53.66
172.4,13.6,172.4,156.8,24586.24,228,4.1,1006.3,856.4,100,GA,37.68
173.5,50.1,173.5,164.8,27159.04,168,6.5,1006.2,793.5,100,GLM,56.06
167,75.4,167,164,26896,267,7.9,1007.3,770.1,100,GLM,56.81
173.8,93.4,159.9,172.3,29687.29,147,9.7,1007.2,746.6,100,GLM,50.94
190.3,0,125.2,166.6,27755.56,229,9.9,1079,798.9,100,GA,33.56
250,0,95.7,191.8,36787.24,47,5.3,948.9,857.2,100,GLM,41.16
213.5,0,174.2,159.2,25344.64,51,11.7,1043.6,771.9,100,GLM,52.96
194.7,0,100.5,170.2,28968.04,214,7.5,998,901.8,100,GLM,44.28
251.4,0,118.3,192.9,37210.41,45,5.8,1043.6,754.3,100,GLM,40.15
446,24,79,162,26244,206,11.6,967,712,28,GA,57.03
446,24,79,162,26244,186,11.6,967,712,28,GA,44.42
446,24,79,162,26244,226,11.6,967,712,28,GA,51.02
446,24,79,162,26244,60,10.3,967,,28,GLM,53.39
446,24,79,162,26244,328,11.6,967,712,3,GLM,35.36
446,24,79,162,26244,215,11.6,967,712,3,GA,25.02
446,24,79,162,26244,275,11.6,967,712,3,GA,23.35
446,24,79,162,26244,193,11.6,967,712,7,GA,52.01
446,24,79,162,26244,243,11.6,967,712,7,GLM,38.02
446,24,79,162,26244,57,11.6,967,712,7,GA,39.3
446,24,79,162,26244,110,11.6,967,712,56,GLM,61.07
446,24,79,162,26244,84,11.6,967,712,56,GLM,56.14
446,24,79,162,26244,282,11.6,967,712,56,GLM,55.25
446,24,79,162,26244,56,10.3,967,712,56,GLM,54.77
387,20,94,157,24649,144,14.3,938,845,28,GLM,50.24
387,20,94,157,24649,148,13.9,938,845,28,GA,46.68
387,20,94,157,24649,169,11.6,938,845,28,GLM,46.68
387,20,94,157,24649,317,14.3,938,845,3,GA,22.75
387,20,94,157,24649,151,13.9,938,845,3,GA,25.51
387,20,94,157,24649,184,11.6,938,845,3,GLM,34.77
387,20,94,157,24649,200,14.3,938,845,7,GA,36.84
387,20,94,157,24649,230,13.9,938,845,7,GLM,45.9
387,20,94,157,24649,191,11.6,938,845,7,GA,41.67
387,20,94,157,24649,92,14.3,938,845,56,GLM,56.34
387,20,94,157,24649,237,13.9,938,845,56,GA,47.97
387,20,94,157,24649,164,11.6,938,845,56,GLM,61.46
355,19,97,145,21025,219,13.1,,871,28,GA,44.03
355,19,97,145,21025,122,12.3,967,871,28,GLM,55.45
491,26,123,210,44100,28,3.9,882,699,28,GA,55.55
491,26,123,201,40401,267,3.9,822,699,28,GLM,57.92
491,26,123,210,44100,86,3.9,882,699,3,GLM,25.61
491,26,123,210,44100,152,3.9,882,699,7,GLM,33.49
491,26,123,210,44100,273,,882,699,56,GA,59.59
491,26,123,201,40401,315,3.9,822,699,3,GLM,29.55
491,26,123,201,40401,289,3.9,822,699,7,GA,37.92
491,26,123,201,40401,184,3.9,822,699,56,GA,61.86
424,,132,178,31684,301,8.5,822,750,28,GLM,62.05
424,22,132,178,31684,305,8.5,882,750,3,GA,32.01
424,22,132,168,28224,71,8.9,822,750,28,GLM,72.1
424,22,132,178,31684,257,8.5,822,750,7,GLM,39
424,22,132,178,31684,98,8.5,822,750,56,GLM,65.7
424,22,132,168,28224,87,8.9,822,750,3,GLM,32.11
424,22,132,168,28224,53,8.9,822,750,7,GA,40.29
424,22,132,168,28224,237,8.9,822,750,56,GA,74.36
202,11,141,206,42436,53,1.7,942,801,28,GA,21.97
202,11,141,206,42436,39,1.7,942,801,3,GLM,9.85
202,11,141,206,42436,118,1.7,942,801,7,GLM,15.07
202,11,141,206,42436,237,1.7,942,801,56,GA,23.25
284,15,141,179,32041,29,5.5,842,801,28,GLM,43.73
284,15,141,179,32041,30,5.5,842,801,3,GLM,13.4
284,15,141,179,32041,89,5.5,842,801,7,GLM,24.13
284,15,141,179,32041,161,5.5,842,801,56,GA,44.52
359,19,141,154,23716,312,10.9,942,801,28,GLM,62.94
359,19,141,154,23716,240,10.9,942,801,28,GLM,59.49
359,19,141,154,23716,222,10.9,942,801,3,GLM,25.12
359,19,141,154,23716,114,10.9,942,801,3,GLM,23.64
359,19,141,154,23716,137,10.9,942,801,7,GA,35.75
359,19,141,154,23716,206,10.9,942,801,7,GLM,38.61
359,19,141,154,23716,261,10.9,942,801,56,GLM,68.75
359,19,141,154,23716,284,10.9,942,801,56,GA,66.78
436,0,0,218,47524,262,0,838.4,719.7,28,GA,23.85
289,0,0,192,36864,98,0,913.2,895.3,90,GA,32.07
289,0,0,192,36864,212,0,913.2,895.3,3,GLM,11.65
393,0,0,192,36864,250,0,940.6,785.6,3,GA,19.2
393,0,0,192,36864,264,0,940.6,785.6,90,GLM,48.85
393,0,0,192,36864,292,0,940.6,785.6,28,GA,39.6
480,0,0,192,36864,175,0,936.2,712.2,28,GLM,43.94
480,0,0,192,36864,333,0,936.2,712.2,7,GA,34.57
480,0,0,192,36864,331,0,936.2,712.2,90,GLM,54.32
480,0,0,192,36864,177,0,936.2,712.2,3,GA,24.4
333,0,0,192,36864,20,0,931.2,842.6,3,GLM,15.62
255,0,0,192,36864,166,0,889.8,945,90,GLM,21.86
255,0,0,192,36864,197,0,889.8,945,7,GA,10.22
289,0,0,192,36864,107,0,913.2,895.3,7,GLM,14.6
255,0,0,192,36864,16,0,889.8,945,28,GLM,18.75
333,0,0,192,36864,280,0,931.2,842.6,28,GA,31.97
333,0,0,192,36864,69,0,931.2,842.6,7,GLM,23.4
289,0,0,192,36864,195,0,913.2,895.3,28,GLM,25.57
333,0,0,192,36864,127,0,931.2,842.6,90,GLM,41.68
393,0,0,192,36864,210,0,940.6,785.6,7,GLM,27.74
255,0,0,192,36864,19,0,889.8,945,3,GLM,8.2
158.8,238.2,0,185.7,34484.49,199,0,1040.6,734.3,7,GLM,9.62
239.6,359.4,0,185.7,34484.49,40,0,941.6,664.3,7,GLM,25.42
238.2,158.8,0,185.7,34484.49,67,0,1040.6,734.3,7,GLM,15.69
181.9,272.8,0,185.7,34484.49,229,0,1012.4,714.3,28,GLM,27.94
193.5,290.2,0,185.7,34484.49,60,0,998.2,704.3,28,GA,32.63
255.5,170.3,0,185.7,34484.49,224,0,1026.6,724.3,7,GLM,17.24
272.8,181.9,0,185.7,34484.49,153,0,1012.4,714.3,7,GA,19.77
239.6,359.4,0,185.7,34484.49,274,0,941.6,664.3,28,GLM,39.44
220.8,147.2,0,185.7,34484.49,322,0,1055,744.3,28,GLM,25.75
397,0,0,185.7,34484.49,172,0,1040.6,734.3,28,GLM,33.08
382.5,0,0,185.7,34484.49,78,0,1047.8,739.3,7,GLM,24.07
210.7,316.1,0,185.7,34484.49,35,0,977,689.3,7,GA,21.82
158.8,238.2,0,185.7,34484.49,309,0,1040.6,734.3,28,GA,21.07
295.8,0,0,185.7,34484.49,149,0,1091.4,769.3,7,GLM,14.84
255.5,170.3,0,185.7,34484.49,204,0,1026.6,724.3,28,GA,32.05
203.5,135.7,0,185.7,34484.49,27,0,1076.2,759.3,7,GLM,11.96
397,0,0,185.7,34484.49,271,0,1040.6,734.3,7,GLM,25.45
381.4,0,0,185.7,34484.49,328,0,1104.6,784.3,28,GLM,22.49
295.8,0,0,185.7,34484.49,197,0,1091.4,769.3,28,GLM,25.22
228,342.1,0,185.7,34484.49,33,0,955.8,674.3,28,GA,39.7
220.8,147.2,0,185.7,34484.49,237,0,1055,744.3,7,GLM,13.09
316.1,210.7,0,185.7,34484.49,332,0,977,689.3,28,GLM,38.7
135.7,203.5,0,185.7,34484.49,212,0,1076.2,759.3,7,GA,7.51
238.1,0,0,185.7,34484.49,97,0,1118.8,789.3,28,GLM,17.58
339.2,0,0,185.7,34484.49,309,0,1069.2,754.3,7,GLM,21.18
135.7,203.5,0,185.7,34484.49,276,0,1076.2,759.3,28,GA,18.2
193.5,290.2,0,185.7,34484.49,61,0,998.2,704.3,7,GLM,17.2
203.5,135.7,0,185.7,34484.49,213,0,1076.2,759.3,28,GA,22.63
290.2,193.5,0,185.7,34484.49,176,0,998.2,704.3,7,GLM,21.86
181.9,272.8,0,185.7,34484.49,319,0,1012.4,714.3,7,GLM,12.37
170.3,155.5,0,185.7,34484.49,99,0,1026.6,724.3,28,GLM,25.73
210.7,316.1,0,185.7,34484.49,212,0,977,689.3,28,GA,37.81
228,342.1,0,185.7,34484.49,298,0,955.8,674.3,7,GLM,21.92
290.2,193.5,0,185.7,34484.49,168,0,998.2,704.3,28,GA,33.04
381.4,0,0,185.7,34484.49,324,0,1104.6,784.3,7,GLM,14.54
238.2,158.8,0,185.7,34484.49,71,0,1040.6,734.3,28,GA,26.91
186.2,124.1,0,185.7,34484.49,30,0,1083.4,764.3,7,GA,8
339.2,0,0,185.7,34484.49,63,0,1069.2,754.3,28,GLM,31.9
238.1,0,0,185.7,34484.49,205,0,1118.8,789.3,7,GLM,10.34
252.5,0,0,185.7,34484.49,316,0,1111.6,784.3,28,GLM,19.77
382.5,0,0,185.7,34484.49,259,0,1047.8,739.3,28,GLM,37.44
252.5,0,0,185.7,34484.49,150,0,1111.6,784.3,7,GA,11.48
316.1,210.7,0,185.7,34484.49,136,0,977,689.3,7,GLM,24.44
186.2,124.1,0,185.7,34484.49,314,0,1083.4,764.3,28,GA,17.6
170.3,155.5,0,185.7,34484.49,151,0,1026.6,724.3,7,GA,10.73
272.8,181.9,0,185.7,34484.49,104,0,1012.4,714.3,28,GLM,31.38
339,0,0,197,38809,67,0,968,781,3,GA,13.22
339,0,0,197,38809,78,0,968,781,7,GLM,20.97
339,0,0,197,38809,84,0,968,781,14,GLM,27.04
339,0,0,197,38809,290,0,968,781,28,GA,32.04
339,0,0,197,38809,291,0,968,781,90,GLM,35.17
339,0,0,197,38809,35,0,968,781,180,GA,36.45
339,0,0,197,38809,269,0,968,781,365,GLM,38.89
236,0,0,194,37636,39,0,968,885,3,GLM,6.47
236,0,0,194,37636,301,0,968,885,14,GLM,12.84
236,0,0,194,37636,273,0,968,885,28,GLM,18.42
236,0,0,194,37636,211,0,968,885,90,GA,21.95
236,0,0,193,37249,157,0,968,885,180,GA,24.1
236,0,0,193,37249,225,0,968,885,365,GLM,25.08
277,0,0,191,36481,251,0,968,856,14,GLM,21.26
277,0,0,191,36481,287,0,968,856,28,GA,25.97
277,0,0,191,36481,39,0,968,856,3,GA,11.36
277,0,0,191,36481,118,0,968,856,90,GLM,31.25
277,0,0,191,36481,94,0,968,856,180,GLM,32.33
277,0,0,191,36481,106,0,968,856,360,GA,33.7
254,0,0,198,39204,38,0,968,863,3,GLM,9.31
254,0,0,198,39204,32,0,968,863,90,GLM,26.94
254,0,0,198,39204,134,0,968,863,180,GLM,27.63
254,0,0,198,39204,170,0,968,863,365,GA,29.79
307,0,0,193,37249,195,0,968,812,180,GLM,34.49
307,0,0,193,37249,94,0,968,812,365,GLM,36.15
307,0,0,193,37249,192,0,968,812,3,GLM,12.54
307,0,0,193,37249,204,0,968,812,28,GA,27.53
307,0,0,193,37249,96,0,968,812,90,GA,32.92
236,0,0,193,37249,134,0,968,885,7,GA,9.99
200,0,0,180,32400,58,0,1125,845,7,GA,7.84
200,0,0,180,32400,225,0,1125,845,28,GLM,12.25
225,0,0,181,32761,297,0,1113,833,7,GA,11.17
225,0,0,181,32761,168,0,1113,833,28,GA,17.34
325,0,0,184,33856,290,0,1063,783,7,GA,17.54
325,0,0,184,33856,267,0,1063,783,28,GLM,30.57
275,0,0,183,33489,248,0,1088,808,7,GA,14.2
275,0,0,183,33489,46,0,1088,808,28,GLM,24.5
300,0,0,184,33856,177,0,1075,795,7,GA,15.58
300,0,0,184,33856,123,0,1075,795,28,GLM,26.85
375,0,0,186,34596,153,0,1038,758,7,GLM,26.06
375,0,0,186,34596,197,0,1038,758,28,GLM,38.21
400,0,0,187,34969,148,0,1025,745,28,GLM,43.7
400,0,0,187,34969,191,0,1025,745,7,GLM,30.14
250,0,0,182,33124,24,0,1100,820,7,GLM,12.73
250,0,0,182,33124,124,0,1100,820,28,GA,20.87
350,0,0,186,34596,35,0,1050,770,7,GLM,20.28
350,0,0,186,34596,322,0,1050,770,28,GA,34.29
203.5,305.3,0,203.5,41412.25,144,0,963.4,630,7,GA,19.54
250.2,166.8,0,203.5,41412.25,195,0,977.6,694.1,90,GLM,47.71
157,236,0,192,36864,272,0,935.4,781.2,90,GA,43.38
141.3,212,0,203.5,41412.25,80,0,971.8,748.5,28,GLM,29.89
166.8,250.2,0,203.5,41412.25,233,0,975.6,692.6,3,GLM,6.9
122.6,183.9,0,203.5,41412.25,90,0,958.2,800.1,90,GLM,33.19
183.9,122.6,0,203.5,41412.25,318,0,959.2,800,3,GLM,4.9
102,153,0,192,36864,178,0,887,942,3,GA,4.57
102,153,0,192,36864,298,0,887,942,90,GLM,25.46
122.6,183.9,0,203.5,41412.25,256,0,958.2,800.1,28,GA,24.29
166.8,250.2,0,203.5,41412.25,276,0,975.6,692.6,28,GA,33.95
200,133,0,192,36864,41,0,965.4,806.2,3,GA,11.41
108.3,162.4,0,203.5,41412.25,106,0,938.2,849,28,GLM,20.59
305.3,203.5,0,203.5,41412.25,69,0,965.4,631,7,GLM,25.89
108.3,162.4,0,203.5,41412.25,206,0,938.2,849,90,GLM,29.23
116,173,0,192,36864,222,0,909.8,891.9,90,GA,31.02
141.3,212,0,203.5,41412.25,25,0,971.8,748.5,7,GLM,10.39
157,236,0,192,36864,139,0,935.4,781.2,28,GA,33.66
133,200,0,192,36864,321,0,927.4,839.2,28,GA,27.87
250.2,166.8,0,203.5,41412.25,126,0,977.6,694.1,7,GLM,19.35
173,116,0,192,36864,24,0,946.8,856.8,7,GLM,11.39
192,288,0,192,36864,133,0,929.8,716.1,3,GA,12.79
192,288,0,192,36864,315,0,929.8,716.1,28,GLM,39.32
153,102,0,192,36864,274,0,888,943.1,3,GA,4.78
288,192,0,192,36864,145,0,932,717.8,3,GLM,16.11
305.3,203.5,0,203.5,41412.25,214,0,965.4,631,28,GLM,43.38
236,157,0,192,36864,157,0,972.6,749.1,7,GA,20.42
173,116,0,192,36864,195,0,946.8,856.8,3,GA,6.94
212,141.3,0,203.5,41412.25,209,0,973.4,750,7,GA,15.03
236,157,0,192,36864,104,0,972.6,749.1,3,GA,13.57
183.9,122.6,0,203.5,41412.25,200,0,959.2,800,90,GLM,32.53
166.8,250.2,0,203.5,41412.25,57,0,975.6,692.6,7,GLM,15.75
102,153,0,192,36864,167,0,887,942,7,GA,7.68
288,192,0,192,36864,16,0,932,717.8,28,GLM,38.8
212,141.3,0,203.5,41412.25,146,0,973.4,750,28,GA,33
102,153,0,192,36864,119,0,887,942,28,GLM,17.28
173,116,0,192,36864,110,0,946.8,856.8,28,GLM,24.28
183.9,122.6,0,203.5,41412.25,111,0,959.2,800,28,GA,24.05
133,200,0,192,36864,32,0,927.4,839.2,90,GA,36.59
192,288,0,192,36864,204,0,929.8,716.1,90,GLM,50.73
133,200,0,192,36864,182,0,927.4,839.2,7,GA,13.66
305.3,203.5,0,203.5,41412.25,303,0,965.4,631,3,GLM,14.14
236,157,0,192,36864,259,0,972.6,749.1,90,GLM,47.78
108.3,162.4,0,203.5,41412.25,298,0,938.2,849,3,GLM,2.33
157,236,0,192,36864,222,0,935.4,781.2,7,GA,16.89
288,192,0,192,36864,74,0,932,717.8,7,GLM,23.52
212,141.3,0,203.5,41412.25,261,0,973.4,750,3,GLM,6.81
212,141.3,0,203.5,41412.25,155,0,973.4,750,90,GLM,39.7
153,102,0,192,36864,212,0,888,943.1,28,GLM,17.96
236,157,0,192,36864,70,0,972.6,749.1,28,GLM,32.88
116,173,0,192,36864,116,0,909.8,891.9,28,GLM,22.35
183.9,122.6,0,203.5,41412.25,136,0,959.2,800,7,GA,10.79
108.3,162.4,0,203.5,41412.25,99,0,938.2,849,7,GLM,7.72
203.5,305.3,0,203.5,41412.25,105,0,963.4,630,28,GLM,41.68
203.5,305.3,0,203.5,41412.25,22,0,963.4,630,3,GLM,9.56
133,200,0,192,36864,54,0,927.4,839.2,3,GLM,6.88
288,192,0,192,36864,170,0,932,717.8,90,GA,50.53
200,133,0,192,36864,234,0,965.4,806.2,7,GLM,17.17
200,133,0,192,36864,320,0,965.4,806.2,28,GA,30.44
250.2,166.8,0,203.5,41412.25,284,0,977.6,694.1,3,GLM,9.73
122.6,183.9,0,203.5,41412.25,43,0,958.2,800.1,3,GA,3.32
153,102,0,192,36864,153,0,888,943.1,90,GA,26.32
200,133,0,192,36864,133,0,965.4,806.2,90,GLM,43.25
116,173,0,192,36864,149,0,909.8,891.9,3,GA,6.28
173,116,0,192,36864,331,0,946.8,856.8,90,GA,32.1
250.2,166.8,0,203.5,41412.25,198,0,977.6,694.1,28,GA,36.96
305.3,203.5,0,203.5,41412.25,161,0,965.4,631,90,GA,54.6
192,288,0,192,36864,312,0,929.8,716.1,7,GA,21.48
157,236,0,192,36864,206,0,935.4,781.2,3,GLM,9.69
153,102,0,192,36864,49,0,888,943.1,7,GA,8.37
141.3,212,0,203.5,41412.25,303,0,971.8,748.5,90,GA,39.66
116,173,0,192,36864,185,0,909.8,891.9,7,GLM,10.09
141.3,212,0,203.5,41412.25,239,0,971.8,748.5,3,GA,4.83
122.6,183.9,0,203.5,41412.25,233,0,958.2,800.1,7,GA,10.35
166.8,250.2,0,203.5,41412.25,241,0,975.6,692.6,90,GA,43.57
203.5,305.3,0,203.5,41412.25,182,0,963.4,630,90,GLM,51.86
310,0,0,192,36864,217,0,1012,830,3,GLM,11.85
310,0,0,192,36864,235,0,1012,830,7,GLM,17.24
310,0,0,192,36864,324,0,1012,830,28,GA,27.83
310,0,0,192,36864,130,0,1012,830,90,GLM,35.76
310,0,0,192,36864,129,0,1012,830,120,GA,38.7
331,0,0,192,36864,163,0,1025,821,3,GA,14.31
331,0,0,192,36864,221,0,1025,821,7,GA,17.44
331,0,0,192,36864,85,0,1025,821,28,GA,31.74
331,0,0,192,36864,331,0,1025,821,90,GA,37.91
331,0,0,192,36864,209,0,1025,821,120,GA,39.38
349,0,0,192,36864,129,0,1056,809,3,GLM,15.87
349,0,0,192,36864,319,0,1056,809,7,GA,9.01
349,0,0,192,36864,182,0,1056,809,28,GLM,33.61
349,0,0,192,36864,124,0,1056,809,90,GLM,40.66
349,0,0,192,36864,202,0,1056,809,120,GLM,40.86
238,0,0,186,34596,36,0,1119,789,7,GA,12.05
238,0,0,186,34596,71,0,1119,789,28,GLM,17.54
296,0,0,186,34596,279,0,1090,769,7,GLM,18.91
296,0,0,186,34596,327,0,1090,769,28,GLM,25.18
297,0,0,186,34596,112,0,1040,734,7,GLM,30.96
480,0,0,192,36864,194,0,936,721,28,GLM,43.89
480,0,0,192,36864,61,0,936,721,90,GA,54.28
397,0,0,186,34596,301,0,1040,734,28,GLM,36.94
281,0,0,186,34596,90,0,1104,774,7,GA,14.5
281,0,0,185,34225,310,0,1104,774,28,GLM,22.44
500,0,0,200,40000,36,0,1125,613,1,GLM,12.64
500,0,0,200,40000,170,0,1125,613,3,GA,26.06
500,0,0,200,40000,109,0,1125,613,7,GA,33.21
500,0,0,200,40000,88,0,1125,613,14,GLM,36.94
500,0,0,200,40000,99,0,1125,613,28,GA,44.09
540,0,0,173,29929,45,0,1125,613,7,GLM,52.61
540,0,0,173,29929,110,0,1125,613,14,GA,59.76
540,0,0,173,29929,168,0,1125,613,28,GLM,67.31
540,0,0,173,29929,132,0,1125,613,90,GA,69.66
540,0,0,173,29929,49,0,1125,613,180,GLM,71.62
540,0,0,173,29929,261,0,1125,613,270,GLM,74.17
350,0,0,203,41209,123,0,974,775,7,GLM,18.13
350,0,0,203,41209,50,0,974,775,14,GLM,22.53
350,0,0,203,41209,27,0,974,775,28,GA,27.34
350,0,0,203,41209,129,0,974,775,56,GLM,29.98
350,0,0,203,41209,202,0,974,775,90,GA,31.35
350,0,0,203,41209,57,0,974,775,180,GA,32.72
385,0,0,186,34596,79,0,966,763,1,GLM,6.27
385,0,0,186,34596,131,0,966,763,3,GA,14.7
385,0,0,186,34596,197,0,966,763,7,GLM,23.22
385,0,0,186,34596,123,0,966,763,14,GLM,27.92
385,0,0,186,34596,229,0,966,763,28,GLM,31.35
331,0,0,192,36864,285,0,978,825,180,GLM,39
331,0,0,192,36864,313,0,978,825,360,GLM,41.24
349,0,0,192,36864,155,0,1047,806,3,GLM,14.99
331,0,0,192,36864,196,0,978,825,3,GLM,13.52
382,0,0,186,34596,321,0,1047,739,7,GA,24
382,0,0,186,34596,115,0,1047,739,28,GLM,37.42
382,0,0,186,34596,288,0,1111,784,7,GLM,11.47
281,0,0,186,34596,220,0,1104,774,28,GLM,22.44
339,0,0,185,34225,26,0,1069,754,7,GA,21.16
339,0,0,185,34225,91,0,1069,754,28,GLM,31.84
295,0,0,185,34225,105,0,1069,769,7,GA,14.8
295,0,0,185,34225,292,0,1069,769,28,GLM,25.18
238,0,0,185,34225,160,0,1118,789,28,GLM,17.54
296,0,0,192,36864,268,0,1085,765,7,GLM,14.2
296,0,0,192,36864,271,0,1085,765,28,GA,21.65
296,0,0,192,36864,173,0,1085,765,90,GLM,29.39
331,0,0,192,36864,28,0,879,825,3,GA,13.52
331,0,0,192,36864,227,0,978,825,7,GA,16.26
331,0,0,192,36864,276,0,978,825,28,GA,31.45
331,0,0,192,36864,285,0,978,825,90,GLM,37.23
349,0,0,192,36864,175,0,1047,806,7,GLM,18.13
349,0,0,192,36864,218,0,1047,806,28,GLM,32.72
349,0,0,192,36864,87,0,1047,806,90,GLM,39.49
349,0,0,192,36864,236,0,1047,806,180,GA,41.05
349,0,0,192,36864,142,0,1047,806,360,GA,42.13
302,0,0,203,41209,165,0,974,817,14,GLM,18.13
302,0,0,203,41209,141,0,974,817,180,GA,26.74
525,0,0,189,35721,317,0,1125,613,180,GA,61.92
500,0,0,200,40000,325,0,1125,613,90,GLM,47.22
500,0,0,200,40000,189,0,1125,613,180,GLM,51.04
500,0,0,200,40000,242,0,1125,613,270,GA,55.16
